{"packages/cupertino_icons/assets/CupertinoIcons.ttf":["packages/cupertino_icons/assets/CupertinoIcons.ttf"],"fonts/Muli-Black.ttf":["fonts/Muli-Black.ttf"],"fonts/Muli-Bold.ttf":["fonts/Muli-Bold.ttf"],"fonts/Muli-Regular.ttf":["fonts/Muli-Regular.ttf"],"images/avatar.png":["images/avatar.png"],"images/background_menu_bar.jpg":["images/background_menu_bar.jpg"],"images/cancel.png":["images/cancel.png"],"images/center_card.jpg":["images/center_card.jpg"],"images/circle_add.png":["images/circle_add.png"],"images/company.png":["images/company.png"],"images/date_cal.png":["images/date_cal.png"],"images/detail_card.jpg":["images/detail_card.jpg"],"images/dots.png":["images/dots.png"],"images/drive.png":["images/drive.png"],"packages/font_awesome_flutter/lib/fonts/fa-brands-400.ttf":["packages/font_awesome_flutter/lib/fonts/fa-brands-400.ttf"],"packages/font_awesome_flutter/lib/fonts/fa-regular-400.ttf":["packages/font_awesome_flutter/lib/fonts/fa-regular-400.ttf"],"packages/font_awesome_flutter/lib/fonts/fa-solid-900.ttf":["packages/font_awesome_flutter/lib/fonts/fa-solid-900.ttf"],"images/logo.png":["images/logo.png"],"images/person1.jpg":["images/person1.jpg"],"images/person2.jpg":["images/person2.jpg"],"images/personal.png":["images/personal.png"],"images/pic.jpg":["images/pic.jpg"],"assets/images/potrait1.jpg":["assets/images/potrait1.jpg"],"assets/images/potrait2.jpg":["assets/images/potrait2.jpg"],"images/public.png":["images/public.png"],"images/refree.png":["images/refree.png"],"images/retired.png":["images/retired.png"],"assets/images/sample1.jpg":["assets/images/sample1.jpg"],"assets/images/sample2.jpg":["assets/images/sample2.jpg"],"assets/images/sample3.jpg":["assets/images/sample3.jpg"],"images/signupprofile.png":["images/signupprofile.png"],"assets/images/volleyball.jpg":["assets/images/volleyball.jpg"],"assets/images/volleyball2.jpg":["assets/images/volleyball2.jpg"]}